FIRST NAME,LAST NAME,EMAIL ADDRESS,PHONE NUMBER,JOB POSITION
Moreen,Goady,mgoady0@hud.gov,528-472-2080,Graphic Designer
Amandy,Sousa,asousa1@guardian.co.uk,921-765-4397,Network Administrator
Andros,Virgo,avirgo2@army.mil,536-133-3528,Receptionist
Wilmer,Mico,wmico3@123-reg.co.uk,658-566-3661,Marketing Manager
Bridie,Klich,bklich4@kickstarter.com,551-825-9758,Illustrator
Kendal,Harget,kharget5@ovh.net,247-418-3390,Brand Ambassador
Stacey,Bowton,sbowton6@addtoany.com,870-157-2654,Software Engineer
Josepha,Taleworth,jtaleworth7@columbia.edu,264-496-3423,Designer
Dan,Dabs,ddabs8@cam.ac.uk,453-695-8266,Data Analyst
Karlene,Ostridge,kostridge9@adobe.com,161-199-0643,Web Developer
